fixture,partition,drift_baseline_to_f20off,drift_baseline_to_f20off_at,drift_baseline_to_armA,drift_baseline_to_armA_at,dist_baseline_to_lqsim,dist_f20off_to_lqsim,direction,closer_cells,further_cells
A1_chain_d3_N50,A1,0.016220532191835224,E1.qlen,-inf,.,-inf,-inf,no-drift,0,0
A1_chain_d5_N100,A1,0.02806189540754202,E1.qlen,-inf,.,-inf,-inf,no-drift,0,0
A1_chain_d5_N20,A1,0.0162861470508392,E1.tput,-inf,.,-inf,-inf,no-drift,0,0
A1_chain_d5_N50,A1,0.029933530202458335,E1.tput,-inf,.,-inf,-inf,no-drift,0,0
A1_chain_d8_N50,A1,0.034139376143232494,E1.tput,-inf,.,-inf,-inf,no-drift,0,0
A2_multiclassA_2refs_loadHigh_N20,A2,0.12631557169422783,ER2.qlen,-inf,.,-inf,-inf,no-drift,0,0
A2_multiclassA_2refs_loadHigh_N50,A2,0.32023326766851873,ER2.qlen,-inf,.,-inf,-inf,no-drift,0,0
A2_multiclassA_2refs_loadLow_N20,A2,0.039402892217558515,ER2.qlen,-inf,.,-inf,-inf,no-drift,0,0
A2_multiclassA_2refs_loadLow_N50,A2,0.12313517638218717,ER1.qlen,-inf,.,-inf,-inf,no-drift,0,0
A2_multiclassB_2refs_demands_3to1_N20,A2,0.01203631044473361,ER1.qlen,-inf,.,-inf,-inf,no-drift,0,0
A2_multiclassB_2refs_demands_3to1_N50,A2,0.014834535491985166,ER1.qlen,-inf,.,-inf,-inf,no-drift,0,0
A2_multiclassB_2refs_demands_5to1_N20,A2,0.021082852012725584,ER1.qlen,-inf,.,-inf,-inf,no-drift,0,0
A2_multiclassB_2refs_demands_5to1_N50,A2,0.024764128714201708,ER1.qlen,-inf,.,-inf,-inf,no-drift,0,0
A2_multiclassC_2refs_think_2to1_N20,A2,0.007226342229755631,A1.qlen,-inf,.,-inf,-inf,no-drift,0,0
A2_multiclassC_2refs_think_2to1_N50,A2,0.004885311933709483,ER2.qlen,-inf,.,-inf,-inf,no-drift,0,0
A2_multiclassC_2refs_think_4to1_N20,A2,0.005245108293650056,A1.qlen,-inf,.,-inf,-inf,no-drift,0,0
A2_multiclassC_2refs_think_4to1_N50,A2,0.005924256484947701,ER1.qlen,-inf,.,-inf,-inf,no-drift,0,0
A3_multiserver_c2_loadHigh,A3,0.0049058658323622335,E1.tput,-inf,.,-inf,-inf,no-drift,0,0
A3_multiserver_c2_loadLow,A3,0.007149818629748269,E1.respt,-inf,.,-inf,-inf,no-drift,0,0
A3_multiserver_c2_loadMedium,A3,0.004158603375070595,E1.tput,-inf,.,-inf,-inf,no-drift,0,0
A3_multiserver_c4_loadHigh,A3,0.006515122850603614,A1.tput,-inf,.,-inf,-inf,no-drift,0,0
A3_multiserver_c4_loadLow,A3,0.005804048685756607,A1.respt,-inf,.,-inf,-inf,no-drift,0,0
A3_multiserver_c4_loadMedium,A3,0.005635346348839204,E1.tput,-inf,.,-inf,-inf,no-drift,0,0
A3_multiserver_c8_loadHigh,A3,0.00727628122309304,E1.tput,-inf,.,-inf,-inf,no-drift,0,0
A3_multiserver_c8_loadLow,A3,0.005857444443284932,E1.respt,-inf,.,-inf,-inf,no-drift,0,0
A3_multiserver_c8_loadMedium,A3,0.005954048811512662,E1.tput,-inf,.,-inf,-inf,no-drift,0,0
A4_chainPlusFanout,A4,0.003877338939936298,A_R2.tput,-inf,.,-inf,-inf,no-drift,0,0
A4_databaseBackend,A4,0.002204250608505604,E1.respt,-inf,.,-inf,-inf,no-drift,0,0
A4_multiclass_multientry,A4,0.04368397285811245,ER2.qlen,-inf,.,-inf,-inf,no-drift,0,0
A4_multiclass_multiserver,A4,0.01143158164639412,A1.qlen,-inf,.,-inf,-inf,no-drift,0,0
A4_parallelService_andFork,A4,0.005235053691269759,EC.tput,-inf,.,-inf,-inf,no-drift,0,0
A4_replyThenLog,A4,0.008938041510466961,A_client.qlen,-inf,.,-inf,-inf,no-drift,0,0
A4_retryLoop,A4,0.0032914662764110697,EC.tput,-inf,.,-inf,-inf,no-drift,0,0
A4_threeTier_multiclass,A4,0.018346173822048797,ER1.tput,-inf,.,-inf,-inf,no-drift,0,0
A4_threeTier_sequence,A4,0.0033350764894862998,EC.tput,-inf,.,-inf,-inf,no-drift,0,0
A4_webApplication,A4,0.011552450009799467,AAppB.residt,-inf,.,-inf,-inf,no-drift,0,0
A5_andForkMultiAct,?,0.0052350536859947635,E1.tput,-inf,.,-inf,-inf,no-drift,0,0
A5_andForkThreeWay,?,0.009462072402796048,E1.qlen,-inf,.,-inf,-inf,no-drift,0,0
A5_combinedDag,?,0.0077522000000869356,A1.qlen,-inf,.,-inf,-inf,no-drift,0,0
A5_orForkThreeWay,?,0.004793664903258571,E1.tput,-inf,.,-inf,-inf,no-drift,0,0
A5_orForkUneven,?,0.00796936877370987,E1.tput,-inf,.,-inf,-inf,no-drift,0,0
A5_replyAtBound,?,0.006943620418677485,A1.respt,-inf,.,-inf,-inf,no-drift,0,0
A5_seqMultiEntry,?,0.015444848186256228,A1.tput,-inf,.,-inf,-inf,no-drift,0,0
B_scaleAxis_tasks10_chain,B,0.026737152209246117,AS1.tput,-inf,.,-inf,-inf,no-drift,0,0
B_scaleAxis_tasks10_fanout,B,0.0034331790923067588,AS1.util,-inf,.,-inf,-inf,no-drift,0,0
B_scaleAxis_tasks20_chain,B,0.021749126870577777,E1.tput,-inf,.,-inf,-inf,no-drift,0,0
B_scaleAxis_tasks20_fanout,B,0.0035678026226699006,AS1.util,-inf,.,-inf,-inf,no-drift,0,0
B_scaleAxis_tasks40_chain,B,0.027792622729547023,E1.tput,-inf,.,-inf,-inf,no-drift,0,0
B_scaleAxis_tasks40_fanout,B,0.002854907460536904,AS1.util,-inf,.,-inf,-inf,no-drift,0,0
B_scaleAxis_tasks5_chain,B,0.02952591260439405,E1.tput,-inf,.,-inf,-inf,no-drift,0,0
B_scaleAxis_tasks5_fanout,B,0.004466920625920587,AS1.util,-inf,.,-inf,-inf,no-drift,0,0
B_scaleAxis_tasks60_chain,B,0.026000833081425243,E1.tput,-inf,.,-inf,-inf,no-drift,0,0
B_scaleAxis_tasks60_fanout,B,0.003209422989724156,AS1.util,-inf,.,-inf,-inf,no-drift,0,0
C1_fanOut2_caller_c1,C1,0.008753400112003776,ES2.qlen,-inf,.,-inf,-inf,no-drift,0,0
C1_fanOut2_caller_c2,C1,0.008753400112003776,ES2.qlen,-inf,.,-inf,-inf,no-drift,0,0
C1_fanOut3_caller_c1,C1,0.007637226303551852,ES3.qlen,-inf,.,-inf,-inf,no-drift,0,0
C1_fanOut3_caller_c2,C1,0.007637226303551852,ES3.qlen,-inf,.,-inf,-inf,no-drift,0,0
C1_fanOut4_caller_c1,C1,0.0044213572419087195,ES4.qlen,-inf,.,-inf,-inf,no-drift,0,0
C1_fanOut4_caller_c2,C1,0.0044213572419087195,ES4.qlen,-inf,.,-inf,-inf,no-drift,0,0
C2_infTaskDeep,C2,0.008332070085874017,E4.tput,-inf,.,-inf,-inf,no-drift,0,0
C2_infTaskShared,C2,0.010073462690523043,ER1.tput,-inf,.,-inf,-inf,no-drift,0,0
C2_infTaskSimple,C2,0.0040674097561573825,A1.qlen,-inf,.,-inf,-inf,no-drift,0,0
C3_multiclassMultiEntry_2refs,C3,0.04397755476790598,ER2.qlen,-inf,.,-inf,-inf,no-drift,0,0
C3_multiclassMultiEntry_3refs,C3,0.00927617957170648,ER3.respt,-inf,.,-inf,-inf,no-drift,0,0
C3_multiclassMultiEntry_asymmetric,C3,0.15844361846718164,AS1.residt,-inf,.,-inf,-inf,no-drift,0,0
C4_lowDemand,C4,0.2821085271277981,E1.respt,-inf,.,-inf,-inf,no-drift,0,0
C4_nearSaturation,C4,0.004076204125282703,E1.tput,-inf,.,-inf,-inf,no-drift,0,0
C4_predicateThreshold,C4,0.005235602006493754,E1.qlen,-inf,.,-inf,-inf,no-drift,0,0
C5_satFanoutCaller_w2,?,0.07430266221159902,ES1.qlen,-inf,.,-inf,-inf,no-drift,0,0
C5_satFanoutCaller_w3,?,0.023341931745916263,AS2.qlen,-inf,.,-inf,-inf,no-drift,0,0
C5_satFanoutCaller_w4,?,0.006014175618119535,AS2.residt,-inf,.,-inf,-inf,no-drift,0,0
C5_satFanout_tasks10,?,0.013936418644903574,AS8.residt,-inf,.,-inf,-inf,no-drift,0,0
C5_satFanout_tasks20,?,0.0036365606543698977,AS1.tput,-inf,.,-inf,-inf,no-drift,0,0
C5_satFanout_tasks5,?,0.034069847452217514,E3.qlen,-inf,.,-inf,-inf,no-drift,0,0
C6_andForkPsHost,?,0.01303552751444952,E1.qlen,-inf,.,-inf,-inf,no-drift,0,0
C6_multiclassAndFork,C6,0.012463026897843198,A2.qlen,-inf,.,-inf,-inf,no-drift,0,0
C7_deepChainAllExp,?,0.02581946467643136,A4.qlen,-inf,.,-inf,-inf,no-drift,0,0
C7_deepChainMultiCall,?,0.06371693899614846,A2.residt,-inf,.,-inf,-inf,no-drift,0,0
